actor,movie_or_TV_name
Armando Mundaraín,Terminator: Dark Fate
Armando Mundaraín,The Spy
Armando Mundaraín,Ransom
Armando Mundaraín,Aranyélet
Armando Mundaraín,Tyrant
Armando Mundaraín,"Libertador Morales, el justiciero"
Armando Mundaraín,Miranda regresa
Polina Sokolskiy,E.R. Compliance
Polina Sokolskiy,Lao Lao
Polina Sokolskiy,Paradise Motel
Polina Sokolskiy,Home Sweet Hell
Polina Sokolskiy,Z47
Polina Sokolskiy,Phantom Spectre
Polina Sokolskiy,Big Feat
Polina Sokolskiy,Rematch
Polina Sokolskiy,Aware I'm Rare
Polina Sokolskiy,Fresh Off the Boat
Polina Sokolskiy,Terminator: Dark Fate
Polina Sokolskiy,Closet
Polina Sokolskiy,Madonna: God Control
Polina Sokolskiy,Mother of Chernobyl
Polina Sokolskiy,Bake It Till You Make It
Rochelle Neil,Confession
Rochelle Neil,The Nevers
Rochelle Neil,Guilt
Rochelle Neil,Das Boot
Rochelle Neil,Terminator: Dark Fate
Rochelle Neil,Anthem
Rochelle Neil,Free Rein
Rochelle Neil,Free Rein: The Twelve Neighs of Christmas
Rochelle Neil,Nika
Rochelle Neil,Hailmakers
Rochelle Neil,Episodes
Rochelle Neil,The Hand of the Creator
Rochelle Neil,NW
Rochelle Neil,Gracie
Rochelle Neil,Doctors
Rochelle Neil,Could You Be My Match
Rochelle Neil,Death in Paradise
Rochelle Neil,Hoodies vs. Hooligans
Rochelle Neil,Café
Rochelle Neil,Love & War
Rochelle Neil,Law & Order: UK
Rochelle Neil,Genie in the House
István Áldott,Attila - King of kings
István Áldott,The Cost of Deception
István Áldott,Dune
István Áldott,Így vagy tökéletes
István Áldott,Terminator: Dark Fate
István Áldott,Egynyári kaland
István Áldott,Blade Runner 2049
István Áldott,The Man with the Iron Heart
István Áldott,Tyrant
István Áldott,Home Guards
István Áldott,The Last Kingdom
Cassandra Starr,Nobody
Claudia Trujillo,Bienvenidos a Edén
Claudia Trujillo,Amar es para siempre
Cassandra Starr,Room Ten
Cassandra Starr,Space Jam: A New Legacy
Cassandra Starr,Yes Day
Cassandra Starr,Mainstream
Cassandra Starr,Terminator: Dark Fate
Cassandra Starr,The Deuce
Cassandra Starr,Lady in the Wall
Cassandra Starr,Adrenochrome
Cassandra Starr,La La Land
Cassandra Starr,Me Him Her
Cassandra Starr,Aquarius
Cassandra Starr,Danny Collins
Cassandra Starr,Chasing Life
Cassandra Starr,Americons
Cassandra Starr,Horrible Bosses 2
Cassandra Starr,The Gambler
Cassandra Starr,Some Kind of Beautiful
Cassandra Starr,Stretch
Cassandra Starr,Sons of Anarchy
Cassandra Starr,Legit
Cassandra Starr,Silicon Valley
Cassandra Starr,Mad Men
Cassandra Starr,Neighbors
Cassandra Starr,Shameless
Cassandra Starr,CSI: Crime Scene Investigation
Cassandra Starr,Her
Cassandra Starr,Geek USA
Cassandra Starr,Ray Donovan
Cassandra Starr,Kiki & Tristan: Last Hipsters on Earth
Cassandra Starr,All Wifed Out
Claudia Trujillo,Hanna
Claudia Trujillo,Cuatro Espinas
Claudia Trujillo,Terminator: Dark Fate
Claudia Trujillo,Horrorscope
Claudia Trujillo,My Mother's Dating a Vampire (A song for the Lost Boys)
Claudia Trujillo,Roads
Claudia Trujillo,Boca Norte
Claudia Trujillo,La octava dimensión
Claudia Trujillo,Drácula de Denise Castro
Claudia Trujillo,The Supers
Claudia Trujillo,Centro médico
Claudia Trujillo,It Came from the Desert
Claudia Trujillo,Vie
Claudia Trujillo,Estudi d'actors
Claudia Trujillo,The Hunter's Prayer
Claudia Trujillo,Claudia
Claudia Trujillo,Lost Night Barcelona
Claudia Trujillo,Raska: Abans que la nit s'acabi
Claudia Trujillo,The Forsaken
Claudia Trujillo,Director's Cut
Claudia Trujillo,The Afterglow
Sammy Montero,Alone Together
Sammy Montero,First Love
Sammy Montero,Heist
Sammy Montero,Terminator: Dark Fate
Sammy Montero,Into the Dark
Sammy Montero,"Hands Up, Don't Shoot"
Sammy Montero,I Am Gangster
Sammy Montero,Other Plans
Sammy Montero,Mun2: Quickfire
Sammy Montero,America's Most Wanted: America Fights Back
Sammy Montero,Borderline Coyotes
Sammy Montero,Pizza Man
Sammy Montero,Team Apparition
Sammy Montero,Star 98.7
Sammy Montero,Eli's Liquor Store
Sammy Montero,The Unit
Sammy Montero,High Hopes
Sammy Montero,The Virgin of Juarez
Sammy Montero,Secretos
Sammy Montero,Space Nuts
Linda Hamilton,Claws
Linda Hamilton,Resident Alien
Linda Hamilton,Big City Greens
Linda Hamilton,Terminator: Dark Fate
Linda Hamilton,Easy Does It
Linda Hamilton,Gears 5
Linda Hamilton,Curvature
Linda Hamilton,Shoot Me Nicely
Linda Hamilton,A Sunday Horse
Linda Hamilton,Lost Girl
Linda Hamilton,Defiance
Linda Hamilton,Bermuda Tentacles
Linda Hamilton,Bad Behavior
Linda Hamilton,Air Force One Is Down
Linda Hamilton,Chuck
Linda Hamilton,Refuge
Linda Hamilton,DC Showcase Original Shorts Collection
Linda Hamilton,Superman/Shazam!: The Return of Black Adam
Linda Hamilton,Weeds
Linda Hamilton,DC Showcase: Jonah Hex
Linda Hamilton,Hard Times
Linda Hamilton,The Line
Linda Hamilton,Terminator Salvation
Linda Hamilton,In Your Dreams
Linda Hamilton,Home by Christmas
Linda Hamilton,Broken
Linda Hamilton,Thief
Linda Hamilton,The Kid & I
Linda Hamilton,According to Jim
Linda Hamilton,Missing in America
Linda Hamilton,Smile
Linda Hamilton,Jonah
Linda Hamilton,Wholey Moses
Linda Hamilton,Silent Night
Linda Hamilton,The Terminator: 'Terminated' Deleted Scenes
Linda Hamilton,The Wonderful World of Disney
Linda Hamilton,Skeletons in the Closet
Linda Hamilton,A Girl Thing
Linda Hamilton,Buzz Lightyear of Star Command
Linda Hamilton,Sex & Mrs. X
Linda Hamilton,The Secret Life of Girls
Linda Hamilton,Hercules
Linda Hamilton,Batman Beyond
Linda Hamilton,Batman Beyond: The Movie
Linda Hamilton,Point Last Seen
Linda Hamilton,The Color of Courage
Linda Hamilton,The New Batman Adventures
Linda Hamilton,Rescuers: Stories of Courage: Two Couples
Linda Hamilton,On the Line
Linda Hamilton,Frasier
Linda Hamilton,Dante's Peak
Linda Hamilton,Shadow Conspiracy
Linda Hamilton,T2 3-D: Battle Across Time
Linda Hamilton,The Way to Dusty Death
Linda Hamilton,A Mother's Prayer
Linda Hamilton,Separate Lives
Linda Hamilton,Silent Fall
Linda Hamilton,Terminator 2: Judgment Day - Deleted Scenes
Linda Hamilton,Terminator 2: Judgment Day
Linda Hamilton,Mr. Destiny
Linda Hamilton,Beauty and the Beast
Linda Hamilton,Go Toward the Light
Linda Hamilton,King Kong Lives
Linda Hamilton,"Murder, She Wrote"
Linda Hamilton,Club Med
Linda Hamilton,Black Moon Rising
Linda Hamilton,Secret Weapons
Linda Hamilton,The Terminator
Linda Hamilton,The Stone Boy
Linda Hamilton,Children of the Corn
Linda Hamilton,Hill Street Blues
Linda Hamilton,Secrets of a Mother and Daughter
Linda Hamilton,Wishman
Linda Hamilton,King's Crossing
Linda Hamilton,Country Gold
Linda Hamilton,Tag: The Assassination Game
Linda Hamilton,Secrets of Midland Heights
Linda Hamilton,Rape and Marriage: The Rideout Case
Linda Hamilton,Reunion
Linda Hamilton,Shirley
Linda Hamilton,Night-Flowers
Jude Collie,Autopsy: The Last Hours of
Jude Collie,Terminator: Dark Fate
Hadrian Howard,Star Citizen
Hadrian Howard,Dying Light 2: Stay Human
Hadrian Howard,Zack Snyder's Justice League
Hadrian Howard,Star Wars: Origins
Hadrian Howard,Terminator: Dark Fate
Hadrian Howard,Angel Has Fallen
Hadrian Howard,Berlin Station
Hadrian Howard,The Dead And The Damned
Hadrian Howard,Krypton
Hadrian Howard,The Mummy
Hadrian Howard,Jarhead 3: The Siege
Hadrian Howard,Mission: Impossible - Rogue Nation
Hadrian Howard,Four Warriors
Hadrian Howard,Sons of Anarchy
Hadrian Howard,Single Ladies
Hadrian Howard,J.A.W.
Hadrian Howard,Galaxy West
Hadrian Howard,The Pinocchio Effect
Hadrian Howard,Through the Watergate
Hadrian Howard,Frontier Wrestling
Björn Freiberg,The Unbearable Weight of Massive Talent
Björn Freiberg,The Billion Dollar Code
Björn Freiberg,The Survivor
Björn Freiberg,My Best Friend Anne Frank
Björn Freiberg,Dune
Björn Freiberg,Terra X - Rätsel alter Weltkulturen
Björn Freiberg,Dime Quién Soy: Mistress of War
Björn Freiberg,Turbulent Skies
Björn Freiberg,Post Mortem
Björn Freiberg,Land of the brave
Björn Freiberg,Neither with You
Björn Freiberg,Terminator: Dark Fate
Björn Freiberg,Paradise War: The Story of Bruno Manser
Björn Freiberg,Gemini Man
Björn Freiberg,The Rookies
Björn Freiberg,What Might Have Been
Björn Freiberg,A La Carte
Björn Freiberg,Hidden: Förstfödd
Björn Freiberg,Aranyélet
Björn Freiberg,Golden Job
Björn Freiberg,Sunset
Björn Freiberg,Curtiz
Björn Freiberg,Ransom
Björn Freiberg,The Alienist
Björn Freiberg,The Whiskey Bandit
Björn Freiberg,2048: Nowhere to Run
Björn Freiberg,Esti Tánc
Björn Freiberg,Pappa pia
Björn Freiberg,Jab Harry Met Sejal
Björn Freiberg,The Man with the Iron Heart
Björn Freiberg,The Last Kingdom
Björn Freiberg,Zenith: Supercharged Family
Björn Freiberg,Maigret
Björn Freiberg,Casper and Emma Go Hiking
Björn Freiberg,X Company
Björn Freiberg,Maximilian
Björn Freiberg,Szürke senkik
Björn Freiberg,Force 2
Björn Freiberg,#Sohavégetnemérös
Björn Freiberg,Inferno
Björn Freiberg,The First Time I Saw Francis Taylor He Was in Slow Motion
Björn Freiberg,On Fallen Wings
Björn Freiberg,Sultan
Björn Freiberg,That Trip We Took with Dad
Björn Freiberg,The White King
Björn Freiberg,Mai Mese
Björn Freiberg,Kills On Wheels
Björn Freiberg,The Citizen
Björn Freiberg,The Martian
Björn Freiberg,Tyrant
Björn Freiberg,Son of Saul
Yolanda Brown,Los Aspirantes
Yolanda Brown,Terminator: Dark Fate
Yolanda Brown,Anclados
Yolanda Brown,Ni pies ni cabeza
Yolanda Brown,Dark Impulse
Yolanda Brown,Odio
Yolanda Brown,Museo Coconut
Yolanda Brown,No Rest for the Wicked
Yolanda Brown,The Skin I Live In
Yolanda Brown,La daga de Rasputín
Yolanda Brown,Muchachada nui
Yolanda Brown,El Perdedor
Yolanda Brown,La luna en botella
Yolanda Brown,Café solo o con ellas
Yolanda Brown,Ekipo Ja
Yolanda Brown,"Isi & Disi, alto voltaje"
Yolanda Brown,Cuéntame
Yolanda Brown,Aquí no hay quien viva
Geneviève Doang,"Paris, 13th District"
Geneviève Doang,The Syndicate
Geneviève Doang,L'art du crime
Geneviève Doang,Maliki Blog 3 - Souffle de vie
Geneviève Doang,Munch
Geneviève Doang,Terminator: Dark Fate
Geneviève Doang,La complainte de Souillon
Geneviève Doang,Alt-Frequencies
Geneviève Doang,I-Art
Geneviève Doang,Scènes de ménages
Geneviève Doang,Nina
Geneviève Doang,WarioWare Gold
Geneviève Doang,Les aventures de Tranh & Nowak
Geneviève Doang,Final Fantasy XV: Episode Ignis
Geneviève Doang,Final Fantasy XV: Comrades
Geneviève Doang,Dragon Race
Geneviève Doang,Wakfu
Geneviève Doang,Final Fantasy XV: Episode Prompto
Geneviève Doang,Transferts
Geneviève Doang,Final Fantasy XV
Geneviève Doang,Overwatch
Geneviève Doang,Mui Diên n'est pas mort
Geneviève Doang,Miraculous: Tales of Ladybug & Cat Noir
Geneviève Doang,L'homme le plus beau du monde
Geneviève Doang,The Witcher 3: Wild Hunt - A Night to Remember
Geneviève Doang,Annie
Geneviève Doang,Mily Miss Questions
Geneviève Doang,Professor Layton and the Azran Legacy
Geneviève Doang,The New Adventures of Peter Pan
Geneviève Doang,Professor Layton vs. Phoenix Wright: Ace Attorney
Geneviève Doang,Inazuma Irebun GO: Dark
Geneviève Doang,Inazuma Irebun GO: Shine
Geneviève Doang,Mouk
Geneviève Doang,Commander Clark
Geneviève Doang,Rémi le marlou
John Gettier,Safe Place
John Gettier,Non Compos Mentis
John Gettier,Reptile
John Gettier,On a Wing and a Prayer
John Gettier,Senior Year
John Gettier,Cuento sin Hadas. El Despertar de las Hadas
John Gettier,Stranger Things
John Gettier,Red Notice
John Gettier,The Suicide Squad
John Gettier,The Falcon and the Winter Soldier
John Gettier,Two Bosses
John Gettier,WandaVision
John Gettier,Wonder Woman 1984
John Gettier,Sistas
John Gettier,Stolen Lilies
John Gettier,Ozark
John Gettier,The Walking Dead
John Gettier,Black Lightning
John Gettier,The Resident
John Gettier,The Outsider
John Gettier,Bad Boys for Life
John Gettier,Lovestruck
John Gettier,Jumanji: The Next Level
John Gettier,Richard Jewell
John Gettier,Terminator: Dark Fate
John Gettier,John Wick: Chapter 3 - Parabellum
John Gettier,MacGyver
John Gettier,Dynasty
John Gettier,Stuber
John Gettier,Captain Marvel
John Gettier,The Mark of a Killer
John Gettier,Aquaman
John Gettier,Venom
John Gettier,Mile 22
John Gettier,Ant-Man and the Wasp
John Gettier,Avengers: Infinity War
John Gettier,Rampage
John Gettier,Beast of Burden
John Gettier,Black Panther
John Gettier,Hangman
John Gettier,Daytime Divas
John Gettier,Beyond Scope
John Gettier,The Last Goodbye
John Gettier,Hustler: the Series
John Gettier,Sleepy Hollow
John Gettier,24: Legacy
John Gettier,Star
John Gettier,Dead Con
John Gettier,Misconception
Ana Batuecas,In the limits of reality
Ana Batuecas,Hayley&Henry: Hitman for hire
Ana Batuecas,Terminator: Dark Fate
Ana Batuecas,Centro médico
Ana Batuecas,Amar es para siempre
Ana Batuecas,Con la música a otra parte
Arlette Torres,Noria
Arlette Torres,Confinamiento incluído
Arlette Torres,ByAnaMilán
Arlette Torres,Madres. Amor y vida
Arlette Torres,Dangerous Moms
Arlette Torres,Deudas
Arlette Torres,HIT
Arlette Torres,Caronte
Arlette Torres,El embarcadero
Arlette Torres,Terminator: Dark Fate
Arlette Torres,The Legacy of the Bones
Arlette Torres,Candela
Arlette Torres,Serve and Protect
Arlette Torres,Oh! Mammy Blue
Arlette Torres,Centro médico
Arlette Torres,The Tribe
Arlette Torres,El secreto de Puente Viejo
Arlette Torres,The Invisible Guardian
Arlette Torres,Liz in September
Arlette Torres,Ciega a citas
Arlette Torres,Museo Coconut
Arlette Torres,Los Secretos de Lucía
Arlette Torres,Gris
Arlette Torres,My Straight Son
Arlette Torres,Stamos okupa2
Arlette Torres,Mitos y leyendas
Arlette Torres,La pecera de Eva
Arlette Torres,Memorias de un Soldado
Arlette Torres,Cenizas eternas
Arlette Torres,Los pájaros se van con la muerte
Arlette Torres,The Rumble of the Stones
Arlette Torres,Hospital Central
Arlette Torres,La que se avecina
Arlette Torres,Aída
Arlette Torres,"Tritones, más allá de ningún sitio"
Arlette Torres,A mi me gusta
Arlette Torres,Sombras de diferentes arrugas
Arlette Torres,Los días pasarán
Arlette Torres,¿Qué importa cuánto duran las pilas?
Arlette Torres,Maroa
Arlette Torres,La línea del olvido
Arlette Torres,Calypso
Károly Baksai,129
Károly Baksai,Dune
Károly Baksai,Mintaapák
Károly Baksai,SAS: Red Notice
Károly Baksai,The Teacher
Károly Baksai,Jófiúk
Károly Baksai,Terminator: Dark Fate
Károly Baksai,Valan: Valley of Angels
Károly Baksai,X - The eXploited
Károly Baksai,The Spy Who Dumped Me
Károly Baksai,The Alienist
Károly Baksai,Genezis
Károly Baksai,A mi kis falunk
Károly Baksai,Jupiter's Moon
Károly Baksai,Munkaügyek
Károly Baksai,Légmell
Károly Baksai,47 Ronin
Brett Azar,Kymerism
Brett Azar,In the Cards
Brett Azar,Johnny & Clyde
Brett Azar,Claws
Brett Azar,Young Rock
Brett Azar,The Big Time
Brett Azar,Hit & Run
Brett Azar,SARS-29
Brett Azar,Agent Toby Barks
Brett Azar,Girl Boxer
Brett Azar,Night Sweats
Brett Azar,Terminator: Dark Fate
Brett Azar,Jon Glaser Loves Gear
Brett Azar,Black Wake
Brett Azar,The Blacklist
Brett Azar,Dead Sound
Brett Azar,#WarGames
Brett Azar,Detective Chinatown 2
Brett Azar,Price for Freedom
Brett Azar,Most Beautiful Island
Brett Azar,AdFirm
Brett Azar,Difficult People
Brett Azar,Central Intelligence
Brett Azar,Teenage Mutant Ninja Turtles: Out of the Shadows
Brett Azar,Gotham
Brett Azar,Unbreakable Kimmy Schmidt
Brett Azar,In the Mix
Brett Azar,Jessica Jones
Brett Azar,Master of None
Brett Azar,Power
Brett Azar,The Jim Gaffigan Show
Brett Azar,Staten Island Summer
Brett Azar,Terminator Genisys
Brett Azar,Fake
Brett Azar,Jersey Shore Massacre
Brett Azar,"Trust Me, I'm a Lifeguard"
Brett Azar,Lilyhammer
Brett Azar,One Life to Live
Brett Azar,The Exit Room
Brett Azar,The Tale of Timmy Two Chins
Brett Azar,Smash
Anisha Gibbs,Terminator: Dark Fate
Anisha Gibbs,A Black Lady Sketch Show
Anisha Gibbs,East Los High
Anisha Gibbs,Beyond the Lights
Anthony Oh,Danger Force
Anthony Oh,The 2nd
Anthony Oh,Donna on the Go
Anthony Oh,Henry Danger
Anthony Oh,Terminator: Dark Fate
Anthony Oh,Cleaning House
Anthony Oh,Badland
Anthony Oh,Dragon
Anthony Oh,Model A
Anthony Oh,The Kid
Anthony Oh,K.C. Undercover
Anthony Oh,Dimension 404
Anthony Oh,Agent
Anthony Oh,Tom Clancy's Ghost Recon Wildlands: War Within the Cartel
Stephen Oyoung,Grim Tranquility
Stephen Oyoung,Gotham Knights
Stephen Oyoung,Good Trouble
Stephen Oyoung,We Baby Bears
Stephen Oyoung,The Book of Boba Fett
Stephen Oyoung,CSI: Vegas
Stephen Oyoung,No More Heroes III
Stephen Oyoung,The Summit of the Gods
Stephen Oyoung,Ratchet & Clank: Rift Apart
Stephen Oyoung,Jupiter's Legacy
Stephen Oyoung,Cyberpunk 2077
Stephen Oyoung,Marvel's Iron Man VR
Stephen Oyoung,Insecure
Stephen Oyoung,For All Mankind
Stephen Oyoung,SEAL Team
Stephen Oyoung,Death Stranding
Stephen Oyoung,Terminator: Dark Fate
Stephen Oyoung,Escape Plan: The Extractors
Stephen Oyoung,Fresh Off the Boat
Stephen Oyoung,Paddleton
Stephen Oyoung,Runaways
Stephen Oyoung,Fallout 76
Stephen Oyoung,Spider-Man
Stephen Oyoung,Office Uprising
Stephen Oyoung,Counterpart
Stephen Oyoung,How to Get Away with Murder
Stephen Oyoung,Shut Eye
Stephen Oyoung,NCIS: Los Angeles
Stephen Oyoung,Hawaii Five-0
Stephen Oyoung,Destiny 2: New Legends Will Rise - Live Action Trailer
Stephen Oyoung,Wet Hot American Summer: Ten Years Later
Stephen Oyoung,Workaholics
Stephen Oyoung,Dying to Kill
Stephen Oyoung,DC's Legends of Tomorrow
Stephen Oyoung,The Last Ship
Stephen Oyoung,Independence Day: Resurgence
Stephen Oyoung,NCIS
Stephen Oyoung,Rush Hour
Stephen Oyoung,Hit the Floor
Stephen Oyoung,Scandal
Stephen Oyoung,A Dare to Remember
Stephen Oyoung,Splinter Cell Guards
Stephen Oyoung,Bad Night
Stephen Oyoung,Castle
Stephen Oyoung,Brainstorm
Stephen Oyoung,The Elder Scrolls Online
Stephen Oyoung,Intelligence
Stephen Oyoung,Aim High
Stephen Oyoung,Mortal Kombat: Legacy
Stephen Oyoung,Wake
Stephen Oyoung,F2N2 Fantasy Football
Stephen Oyoung,Safe
Stephen Oyoung,Star Wars: The Old Republic
Stephen Oyoung,Thor
Stephen Oyoung,Palm County
Stephen Oyoung,Undercovers
Stephen Oyoung,Legion
Stephen Oyoung,Formosa Betrayed
Stephen Oyoung,Fists of Righteous Harmony
Stephen Oyoung,Finishing the Game
Pete Ploszek,Maverick
Pete Ploszek,Fatal Fandom
Pete Ploszek,Honesty Weekend
Pete Ploszek,Tommy
Pete Ploszek,Terminator: Dark Fate
Pete Ploszek,Captain Marvel
Pete Ploszek,Superstore
Pete Ploszek,9-1-1
Pete Ploszek,Liberty Crossing
Pete Ploszek,Stitchers
Pete Ploszek,I Want to Know
Pete Ploszek,Teen Wolf
Pete Ploszek,Timeless
Pete Ploszek,The Wedding Party
Pete Ploszek,Teenage Mutant Ninja Turtles: Out of the Shadows
Pete Ploszek,Workaholics
Pete Ploszek,Teenage Mutant Ninja Turtles
Pete Ploszek,Shameless
Pete Ploszek,Parks and Recreation
Pete Ploszek,Outage: WME
Aaron Kunitz,Failure to Parent
Aaron Kunitz,Rex and Vex
Aaron Kunitz,Terminator: Dark Fate
Aaron Kunitz,Dog with a Blog
Aaron Kunitz,"Nicky, Ricky, Dicky & Dawn"
Aaron Kunitz,Days of Our Lives
Aaron Kunitz,Let It Go
Aaron Kunitz,Savages
Aaron Kunitz,Other People's Kids
Josh Wood,Terminator: Dark Fate
Josh Wood,"Ascent, The"
Josh Wood,Trial & Error
Josh Wood,The Vatican Tapes
Josh Wood,Through the Night
Josh Wood,CSI: NY
Kacy Owens,Circle of 3s
Kacy Owens,Perimeter
Kacy Owens,Starf*cker
Kacy Owens,Deadly Ride
Kacy Owens,Travelers Fugue
Kacy Owens,The Madams
Kacy Owens,Buddy Does Nothing
Kacy Owens,Terminator: Dark Fate
Kacy Owens,Maternal Instinct
Kacy Owens,Without End: A Fractured Fairytale
Kacy Owens,StartUp
Kacy Owens,The Ballad of Coco
Kacy Owens,Blind Follow
Kacy Owens,Trouble Man
Kacy Owens,The Valley
Kacy Owens,Grimm
Kacy Owens,Love Meet Hope
Kacy Owens,Life Coach
Kacy Owens,Texas Heart
Kacy Owens,My Crazy Ex
Kacy Owens,My Haunted House
Kacy Owens,Jonny's Sweet Revenge
Kacy Owens,Jawbreaker Code
Kacy Owens,You're the Worst
Kacy Owens,Remix
Kacy Owens,Aces
Kacy Owens,Lucky Hog
Kacy Owens,Eden
Kacy Owens,The Bold and the Beautiful
Kacy Owens,The Corners
Cleveland Berto,THE PREY: Legend of Karnoctus
Cleveland Berto,A Journal for Jordan
Cleveland Berto,FBI
Cleveland Berto,Chicago P.D.
Cleveland Berto,Salt-N-Pepa
Cleveland Berto,Terminator: Dark Fate
Cleveland Berto,Lucifer
Cleveland Berto,Spirit
Cleveland Berto,Shameless
Cleveland Berto,Bodied
Cleveland Berto,Fiorella
Cleveland Berto,Fresh Off the Boat
Cleveland Berto,Coca Love
Cleveland Berto,Casual
Cleveland Berto,The Story of Miya
Cleveland Berto,Next Up
Cleveland Berto,Desi Holiday
Cleveland Berto,Monkey with a Mustache
Cleveland Berto,Paraphobia
Cleveland Berto,The Garden: A Creation Story
Cleveland Berto,Holiday High School Reunion
Cleveland Berto,Mob Rules
Edward Furlong,The Endless Whispers
Edward Furlong,Karma
Edward Furlong,Terminator: Dark Fate
Edward Furlong,The Reunion
Edward Furlong,Renegades
Edward Furlong,Star Trek: Renegades
Edward Furlong,Awaken
Edward Furlong,Aftermath
Edward Furlong,The Last Light
Edward Furlong,A Winter Rose
Edward Furlong,Stitch
Edward Furlong,Awakened
Edward Furlong,Assault on Wall Street
Edward Furlong,The Zombie King
Edward Furlong,Matt's Chance
Edward Furlong,Paranormal Abduction
Edward Furlong,Crave
Edward Furlong,Perception
Edward Furlong,The Glades
Edward Furlong,Arachnoquake
Edward Furlong,For the Love of Money
Edward Furlong,License to Reproduce
Edward Furlong,Tequila
Edward Furlong,Absolute Killers
Edward Furlong,Below Zero
Edward Furlong,The Mortician
Edward Furlong,This Is Not a Movie
Edward Furlong,The Green Hornet
Edward Furlong,Kingshighway
Edward Furlong,CSI: NY
Edward Furlong,Attack on Darfur
Edward Furlong,Night of the Demons
Edward Furlong,Stoic
Edward Furlong,Dark Reel
Edward Furlong,Five AM: Still in Love with You
Edward Furlong,Living & Dying
Edward Furlong,Warriors of Terra
Edward Furlong,Canes
Edward Furlong,High Hopes
Edward Furlong,The Visitation
Edward Furlong,Jimmy and Judy
Edward Furlong,Venice Underground
Edward Furlong,Cruel World
Edward Furlong,The Crow: Wicked Prayer
Edward Furlong,Intermedio
Edward Furlong,Metallica: The Unnamed Feeling
Edward Furlong,3 Blind Mice
Edward Furlong,The Knights of the Quest
Edward Furlong,Animal Factory
Edward Furlong,Detroit Rock City: Deleted Scenes
Edward Furlong,Detroit Rock City
Edward Furlong,American History X: Deleted Scenes
Edward Furlong,Pecker
Edward Furlong,American History X
Edward Furlong,T2 3-D: Battle Across Time
Edward Furlong,Before and After
Edward Furlong,The Grass Harp
Edward Furlong,Aerosmith: Big Ones You Can Look At
Edward Furlong,Little Odessa
Edward Furlong,Brainscan
Edward Furlong,Aerosmith: Livin' on the Edge
Edward Furlong,Terminator 2: Judgment Day - Deleted Scenes
Edward Furlong,A Home of Our Own
Edward Furlong,Edward Furlong Japanese Hot Noodle Commercial
Edward Furlong,Edward Furlong Japanese Hot Noodle Commercial 2
Edward Furlong,Edward Furlong Japanese Hot Noodle Commercial 3
Edward Furlong,Edward Furlong Japanese Hot Noodle Commercial 4
Edward Furlong,American Heart
Edward Furlong,Pet Sematary II
Edward Furlong,Terminator 2: Judgment Day
Edward Furlong,Saturday Night Live
Edward Furlong,Terminator 2: Judgment Day
Mark Weiler,Private Time
Mark Weiler,The Seven Neighbours
Mark Weiler,Nova Vita
Mark Weiler,XCOM: Chimera Squad
Mark Weiler,Murder Loves Company
Mark Weiler,Terminator: Dark Fate
Mark Weiler,Angie Tribeca
Mark Weiler,Buried in the Backyard
Mark Weiler,The Young and the Restless
Mark Weiler,Hot and Stupid
Mark Weiler,The Fosters
Mark Weiler,Married with Secrets
Mark Weiler,The Time and Place with John & Amir
Mark Weiler,What a Great Idea
Mark Weiler,Brooklyn Nine-Nine
Mark Weiler,Blood Relatives
Mark Weiler,Unusual Suspects: Deadly Intent
Mark Weiler,Murder Among Friends
Mark Weiler,One Day at a Time
Mark Weiler,Benjamin Troubles
Mark Weiler,20 Seconds to Live
Mark Weiler,In the Ashes
Mark Weiler,The Yearbook Detectives
Mark Weiler,The Vineyard
Mark Weiler,Compossibility Theory
Mark Weiler,What Lies Between Us
Mark Weiler,The Atonement of Janis Drake
Mark Weiler,Day 8: After the Apocalypse
Mark Weiler,Killer Agent
Mark Weiler,Massive Fail
Mark Weiler,Weiler Handles It
Mark Weiler,The Manager: The German Juggler
Mark Weiler,CSI: Miami
Mark Weiler,The Manager: The Clumsy Cameroonian
Mark Weiler,The Event
Mark Weiler,A Fire in a Dovecot
Mark Weiler,The Forgotten
Mark Weiler,Locked Away
Mark Weiler,Cold Case
Mark Weiler,Futurestates
Mark Weiler,The Hills Have Thighs
Mark Weiler,Sexually Insatiable
Mark Weiler,"Slutty, Busty & Bad"
Mark Weiler,Co-Ed Confidential
Mark Weiler,Cleavagefield
Mark Weiler,Life
Mark Weiler,The Mentalist
Mark Weiler,Lora Rox
Mark Weiler,Deviant Whores
Mark Weiler,Elysian
Mark Weiler,Forgiven
Mark Weiler,Sin City Diaries
Mark Weiler,The Perfect Match
Mark Weiler,The Erotic Traveler
Mark Weiler,The Maxwell Multiple Climax
Mark Weiler,The Devil's Muse
Mark Weiler,Busty Models
Mark Weiler,Young and Tempting
Mark Weiler,Naked Players
Mark Weiler,Sex Games Vegas
Mark Weiler,The Counter
Mark Weiler,What I Like About You
Mark Weiler,Hotel Erotica Cabo
Mark Weiler,Alley Dogs
Mark Weiler,Dangerous Sex Games
Mark Weiler,Black Tie Nights
Mark Weiler,Les chaussures noires
Mark Weiler,The Sex Spa II: Body Work
Mark Weiler,Kinky Sex Club
Mark Weiler,Naked Temptations
Mark Weiler,Dream Sketches
Mark Weiler,Halo 2
Mark Weiler,Ringtone Blues
Mark Weiler,Soul Shooter
Mark Weiler,Lessons in Love
Mark Weiler,Emmanuelle: The Private Collection
Mark Weiler,K-Hole
Mark Weiler,Blindsided
Mark Weiler,Visions of Passion
Mark Weiler,Strange as Angels
Mark Weiler,All for Lust
Mark Weiler,Virus
Mark Weiler,Co-Incidence
Mark Weiler,Vinyl Dolls
Mark Weiler,The Exhibitionist Files
Mark Weiler,Sexy Urban Legends
Mark Weiler,Bodily Sanctions
Mark Weiler,Talk Sex
Mark Weiler,When Cupid Dances...
Mark Weiler,Pearl Harbor
Mark Weiler,World Record Guy
Mark Weiler,The West Wing
Mark Weiler,Where's George?
Mark Weiler,Cahoots
Mark Weiler,Rough Crossing
Phillip Garcia,Sprung
Phillip Garcia,Richard
Phillip Garcia,The Cleaning Lady
Phillip Garcia,Single Mother by Choice
Phillip Garcia,CSI: Vegas
Phillip Garcia,S.W.A.T.
Phillip Garcia,The Man Who Took Time
Phillip Garcia,Enjoy the Disco
Phillip Garcia,Sneakerheads
Phillip Garcia,Tuning In
Phillip Garcia,NCIS: Los Angeles
Phillip Garcia,The Exchange
Phillip Garcia,Terminator: Dark Fate
Phillip Garcia,Mayans M.C.
Phillip Garcia,Station 19
Phillip Garcia,The Rookie
Phillip Garcia,Cured
Phillip Garcia,Nothingman
Phillip Garcia,Animal Kingdom
Phillip Garcia,Okja
Phillip Garcia,Criminal Minds
Phillip Garcia,The Babymoon
Phillip Garcia,Game Shakers
Phillip Garcia,Miss Stevens
Phillip Garcia,Fuller House
Phillip Garcia,Telenovela
Phillip Garcia,Sing About It
Phillip Garcia,Disconnected
Phillip Garcia,Scandal
Phillip Garcia,Home Cooking
Phillip Garcia,Major Crimes
Phillip Garcia,El Jefe
Phillip Garcia,Whitney
Phillip Garcia,1000 Ways to Die
Tarnue Massaquoi,The Fallen Empire
Tarnue Massaquoi,Black in the Future: Episode 1 - Robo-Revolution
Tarnue Massaquoi,Unexpected Guests
Tarnue Massaquoi,The American King-As told by an African Priestess
Tarnue Massaquoi,Searching for Mr. Right
Tarnue Massaquoi,Consequences
Tarnue Massaquoi,Bob Hearts Abishola
Tarnue Massaquoi,Trees of Peace
Tarnue Massaquoi,The American King
Tarnue Massaquoi,Within
Tarnue Massaquoi,$TACK$
Tarnue Massaquoi,Boomerang
Tarnue Massaquoi,The Rookie
Tarnue Massaquoi,SEAL Team
Tarnue Massaquoi,Terminator: Dark Fate
Tarnue Massaquoi,Work From Home Pvt. Ltd.
Tarnue Massaquoi,Ole Bryce
Tarnue Massaquoi,The Fallen One: La Traviata
Tarnue Massaquoi,Undrafted
Tarnue Massaquoi,The After Party
Tarnue Massaquoi,Growing Up Immigrant
Tarnue Massaquoi,Timeless
Tarnue Massaquoi,Emotions
Tarnue Massaquoi,Counterpart
Tarnue Massaquoi,The Choice
Tarnue Massaquoi,Scorpion
Tarnue Massaquoi,American Koko
Tarnue Massaquoi,Small Shots
Tarnue Massaquoi,Criminal Minds: Beyond Borders
Tarnue Massaquoi,Tiff
Tarnue Massaquoi,Thieves Row
Tarnue Massaquoi,FML
Tarnue Massaquoi,Mary + Jane
Tarnue Massaquoi,Primer
Tarnue Massaquoi,Days of Our Lives
Tarnue Massaquoi,96 Souls
Tarnue Massaquoi,First Mind Presents: Short Films
Tarnue Massaquoi,Zia
Tarnue Massaquoi,Getting On
Tarnue Massaquoi,Web Atlas
Tarnue Massaquoi,The Wrong Boyfriend
Tarnue Massaquoi,State of Affairs
Tarnue Massaquoi,Tied Piper
Tarnue Massaquoi,Only Light
Tarnue Massaquoi,Black November
Tarnue Massaquoi,H4
Tarnue Massaquoi,Air Collision
Tarnue Massaquoi,NCIS: Los Angeles
Tarnue Massaquoi,He Who Finds a Wife 2: Thou Shall Not Covet
Tarnue Massaquoi,Untitled Huey P. Newton Story
Tarnue Massaquoi,Most Wanted
Tarnue Massaquoi,Mega Shark vs. Crocosaurus
Tarnue Massaquoi,No Absolution
Tarnue Massaquoi,The Third Heaven
Tarnue Massaquoi,Bongfen
Tarnue Massaquoi,The Price of Love
Blair Jackson,Deputy
Blair Jackson,Terminator: Dark Fate
Blair Jackson,The Righteous Gemstones
Blair Jackson,Round of Your Life
Blair Jackson,Psycho Stripper
Blair Jackson,Tower
Blair Jackson,Euphoria
Blair Jackson,Varsity Blood
Blair Jackson,Inside Out
Zoli Teglas,Terminator: Dark Fate
Zoli Teglas,Spectral
Zoli Teglas,Tyrant
Zoli Teglas,Argo 2
Zoli Teglas,Schusterman Levine: A Boxing Fable
Alberto Da La Sinda,Terminator: Dark Fate
Christine Horn,Kenan
Christine Horn,On the Verge
Christine Horn,Big Shot
Christine Horn,Grey's Anatomy
Christine Horn,Snowfall
Christine Horn,The Fallout
Christine Horn,Shameless
Christine Horn,Helstrom
Christine Horn,Two Degrees
Christine Horn,The Way Back
Christine Horn,68 Whiskey
Christine Horn,It's Always Sunny in Philadelphia
Christine Horn,Terminator: Dark Fate
Christine Horn,Black-ish
Christine Horn,Mayans M.C.
Christine Horn,Light as a Feather
Christine Horn,Sydney to the Max
Christine Horn,Too Old to Die Young
Christine Horn,What/If
Christine Horn,Bosch
Christine Horn,Stuber
Christine Horn,S.W.A.T.
Christine Horn,Triple Frontier
Christine Horn,Miracle Workers
Christine Horn,Lethal Weapon
Christine Horn,The Good Doctor
Christine Horn,The Haunting of Hill House
Christine Horn,The Affair
Christine Horn,Timeless
Christine Horn,Legion
Christine Horn,Good Girls
Christine Horn,American Crime Story
Christine Horn,NCIS
Christine Horn,Mom
Christine Horn,Rogers Park
Christine Horn,Ray Donovan
Christine Horn,Powerless
Christine Horn,Shots Fired
Christine Horn,MacGyver
Christine Horn,Randall and Hilda Are Not a Couple
Christine Horn,Boo! A Madea Halloween
Christine Horn,Killing Reagan
Christine Horn,Greenleaf
Christine Horn,Triple 9
Christine Horn,The Originals
Christine Horn,Kaleidoscope
Christine Horn,Being Mary Jane
Christine Horn,Unconditional
Christine Horn,Complications
Christine Horn,Red Band Society
Christine Horn,DayBlack
Christine Horn,Selma
Christine Horn,Reckless
Christine Horn,The Haves and the Have Nots
Christine Horn,Rectify
Christine Horn,Trouble in the Plate
Christine Horn,Blended
Christine Horn,The Retrieval
Christine Horn,In the Morning
Christine Horn,The Young and the Restless
Christine Horn,Why I Hate Bitsy Malone
Christine Horn,Blood Done Sign My Name
Christine Horn,Stomp the Yard
Christine Horn,Good Neighbor
Christine Horn,Jinx'd
Peter Ormond,The Engineering That Built the World
Peter Ormond,Samaritan
Peter Ormond,The Crown
Peter Ormond,Terminator: Dark Fate
Peter Ormond,EastEnders
Mark Hesketh,Friday Night Dinner
Mark Hesketh,Terminator: Dark Fate
Mark Hesketh,Lucky Man
Mark Hesketh,Unforgotten
Mark Hesketh,Camilla in the Looking Glass
Mark Hesketh,The Missing
Mark Hesketh,Doctors
Mark Hesketh,Abroad
Mark Hesketh,Hollyoaks
Mark Hesketh,Holby City
Mark Hesketh,Hotel Babylon
Mark Hesketh,Canterbury Tales
Peter Ormond,The Curse of Shalott
Peter Ormond,The Little Stranger
Peter Ormond,Churchill
Peter Ormond,Michael Jackson: Man in the Mirror
Peter Ormond,In the Name of Ben Hur
Peter Ormond,God the Father
Peter Ormond,A Tale of Two Peters
Peter Ormond,Victoria Cross Heroes
Mark Hesketh,Dramarama
Tábata Cerezo,Elite
Tábata Cerezo,Granada Nights
Tábata Cerezo,The Mallorca Files
Tábata Cerezo,Non-living
Tábata Cerezo,Eva's comet
Tábata Cerezo,Palindrome
Tábata Cerezo,Terminator: Dark Fate
Tábata Cerezo,La confianza de mi cabeza entre tus muslos.
Tábata Cerezo,Special Couple
Tábata Cerezo,Destroy Your Mantra
Tábata Cerezo,To Almería
Tábata Cerezo,Amar es para siempre
Tábata Cerezo,Stop Over in Hell
Tábata Cerezo,Rawan 16/07
Tábata Cerezo,She moves at night
Tábata Cerezo,Tini: The New Life of Violetta
Tábata Cerezo,The Last Bus
Tábata Cerezo,Finding Altamira
Tábata Cerezo,The Night Manager
Tábata Cerezo,Centro médico
Tábata Cerezo,La carta de Elisa
Tábata Cerezo,Madrid te odio
Tábata Cerezo,La final
Tábata Cerezo,"Yo, presidenta"
Tábata Cerezo,Pato extraterrestre
Tábata Cerezo,Águila Roja
Tábata Cerezo,El comisario
Daniel Ortiz,El Semblante
Daniel Ortiz,Coda 77
Daniel Ortiz,Madres. Amor y vida
Daniel Ortiz,La Penumbra
Daniel Ortiz,Vis a Vis: El Oasis
Daniel Ortiz,Just Before Christ
Daniel Ortiz,Terminator: Dark Fate
Daniel Ortiz,Derecho a soñar
Daniel Ortiz,Instinto
Daniel Ortiz,La Guarida
Daniel Ortiz,Vis a vis
Daniel Ortiz,Aída
Daniel Ortiz,The Boat
Daniel Ortiz,"Luna, el misterio de Calenda"
Daniel Ortiz,Frágiles
Daniel Ortiz,Cheers
Daniel Ortiz,No Rest for the Wicked
Daniel Ortiz,La que se avecina
Daniel Ortiz,Los misterios de Laura
Daniel Ortiz,Alergia
Daniel Ortiz,Impares
Daniel Ortiz,Impares premium
Daniel Ortiz,La pecera de Eva
Daniel Ortiz,Los ojos de Julia
Daniel Ortiz,Maitena: Estados alterados
Daniel Ortiz,Los hombres de Paco
Daniel Ortiz,Paper Birds
Daniel Ortiz,Bicho malo
Daniel Ortiz,Un asunto conyugal
Daniel Ortiz,Hermanos & detectives
Daniel Ortiz,Euskolegas
Daniel Ortiz,Lex
Daniel Ortiz,Guante blanco
Daniel Ortiz,Miente
Daniel Ortiz,Matrimonio con hijos
Daniel Ortiz,Los Serrano
Daniel Ortiz,Fragile
Daniel Ortiz,Escuela de seducción
Daniel Ortiz,¿Se puede?
Daniel Ortiz,Ana y los 7
Daniel Ortiz,Beyond Re-Animator
Daniel Ortiz,Relic Hunter
Daniel Ortiz,Hospital Central
Daniel Ortiz,Mi teniente
Daniel Ortiz,Médico de familia
Nick Wittman,The Unbearable Weight of Massive Talent
Nick Wittman,The Fear Index
Nick Wittman,Home Invasion
Nick Wittman,Outside the Wire
Nick Wittman,The Defeated
Nick Wittman,The Inheritance
Nick Wittman,Terminator: Dark Fate
Nick Wittman,Rambo: Last Blood
Nick Wittman,The King
Nick Wittman,Mars
Nick Wittman,Robin Hood
Nick Wittman,Alarm für Cobra 11 - Die Autobahnpolizei
Nick Wittman,The Spy Who Dumped Me
Nick Wittman,Ransom
Nick Wittman,Strike Back
Nick Wittman,Aurora Borealis: Északi fény
Nick Wittman,Emerald City
Nick Wittman,Guilt
Nick Wittman,Maigret
Nick Wittman,The Last Kingdom
Nick Wittman,The Martian
Joaquín Molla,Bandoleros
Joaquín Molla,The Vault
Joaquín Molla,La que se avecina
Joaquín Molla,Terminator: Dark Fate
Joaquín Molla,Estoy vivo
Joaquín Molla,Kant
Joaquín Molla,Cuéntame
Joaquín Molla,Benidorm mon amour
Joaquín Molla,Los encantados
Joaquín Molla,Aguda - Llana - Esdrújula
Joaquín Molla,Centro médico
Joaquín Molla,Mi vida es el Cine
Joaquín Molla,Dementia
Joaquín Molla,7 mf
Joaquín Molla,IP-Laserie
Joaquín Molla,Gasofa
Joaquín Molla,Destino: Cuenca. La aventura del Santo Grial
Joaquín Molla,La muerte de Marat
Joaquín Molla,Una historia de amor
Joaquín Molla,Hasta el final del camino
Joaquín Molla,Refresh Yourself
Joaquín Molla,I'm Famous
Joaquín Molla,Make a Dent in Your World
Joaquín Molla,Route 66
Joaquín Molla,The Devil
Joaquín Molla,Mondo difichile
Joaquín Molla,En Animales
Joaquín Molla,Miguel and William
Joaquín Molla,Amar es para siempre
Mario de la Rosa,Jesus and the Others
Mario de la Rosa,Los pacientes del doctor García
Mario de la Rosa,El Corazón del Imperio
Mario de la Rosa,Money Heist
Mario de la Rosa,FBI: International
Mario de la Rosa,El cuartito
Mario de la Rosa,The Mallorca Files
Mario de la Rosa,Caníbales
Mario de la Rosa,365
Mario de la Rosa,Dangerous Moms
Mario de la Rosa,Terminator: Dark Fate
Mario de la Rosa,I Can Quit Whenever I Want
Mario de la Rosa,Hellboy
Mario de la Rosa,Until We Fall
Mario de la Rosa,Cathedral of the Sea
Mario de la Rosa,Conquistadores Adventum
Mario de la Rosa,Plan de fuga
Mario de la Rosa,Wild Oats
Mario de la Rosa,Ignatius of Loyola
Mario de la Rosa,El secreto de Puente Viejo
Mario de la Rosa,The Night Manager
Mario de la Rosa,Risen
Mario de la Rosa,La Trampa
Mario de la Rosa,Club de Cuervos
Mario de la Rosa,Acacias 38
Mario de la Rosa,Amar es para siempre
Mario de la Rosa,Borgia
Mario de la Rosa,Isabel
Mario de la Rosa,El nino
Mario de la Rosa,Sin identidad
Mario de la Rosa,Monguis
Mario de la Rosa,"Fly, Dance & Dream"
Mario de la Rosa,Omnivores
Mario de la Rosa,Combustion
Mario de la Rosa,Toledo
Mario de la Rosa,Brutal Box
Mario de la Rosa,Águila Roja
Iria Calero,Terminator: Dark Fate
Iria Calero,Growing Up
Iria Calero,Pasaje al amanecer
Dan Stroiman,The Lesser Key of Solomon
Dan Stroiman,Terminator: Dark Fate
Dan Stroiman,Coyote and the Rock
Angelica Andreu,Terminator: Dark Fate
Alejandra Mayo,Parot
Alejandra Mayo,Terminator: Dark Fate
Alejandra Mayo,Vodevil de Variedades
Stephanie Gil,Ana Tramel. El juego
Stephanie Gil,Porvenir
Stephanie Gil,Lamento
Stephanie Gil,Fatima
Stephanie Gil,The Salisbury Poisonings
Stephanie Gil,Terminator: Dark Fate
Stephanie Gil,The (Silent) War
Stephanie Gil,Idol X Warrior: Miracle Tunes! (European Version)
Stephanie Gil,The Footballest
Stephanie Gil,The Best Summer of My Life
Stephanie Gil,Heroes Wanted: The Series
Stephanie Gil,Centro médico
Stephanie Gil,The Ministry of Time
Stephanie Gil,Still Star-Crossed
Stephanie Gil,Plumas
Mikey Bharj,Neon Tank
Mikey Bharj,Terminator: Dark Fate
Mikey Bharj,Sticky
Mikey Bharj,Outsiders
Mikey Bharj,Join My Band
Mikey Bharj,The Bill
Mikey Bharj,Biffovision
Francis McBurney,Ambassadören
Francis McBurney,Ambassadøren
Francis McBurney,Ambassadøren
Francis McBurney,Terminator: Dark Fate
Francis McBurney,The Alienist
Francis McBurney,The Black Door
Samantha Coughlan,Little Games
Samantha Coughlan,Chilling Adventures of Sabrina
Samantha Coughlan,We Go in at Dawn
Samantha Coughlan,Terminator: Dark Fate
Samantha Coughlan,V.C. Andrews' Heaven
Samantha Coughlan,Alien III
Samantha Coughlan,Ransom
Samantha Coughlan,11-11: Memories Retold
Samantha Coughlan,Dragalia Lost
Samantha Coughlan,Chuck Steel: Night of the Trampires
Samantha Coughlan,Deep State
Samantha Coughlan,Wallis: The Queen That Never Was
Samantha Coughlan,Absentia
Samantha Coughlan,Kingsman: The Golden Circle
Samantha Coughlan,Mass Effect: Andromeda
Samantha Coughlan,Obsession: Dark Desires
Samantha Coughlan,Criminal
Samantha Coughlan,The Dark Side of the Sun
Samantha Coughlan,Love Me Do
Samantha Coughlan,Survivor
Samantha Coughlan,A Poet in New York
Samantha Coughlan,Kick-Ass 2
Samantha Coughlan,Jonathan Creek
Samantha Coughlan,Stella
Samantha Coughlan,Suspension of Disbelief
Samantha Coughlan,Above Suspicion
Samantha Coughlan,Wake Up
Samantha Coughlan,Ankh 3: Battle of the Gods
Samantha Coughlan,The Applicant
Samantha Coughlan,Love Sick: Secrets of a Sex Addict
Samantha Coughlan,The German Lullaby
Samantha Coughlan,Rabbit Fever
Samantha Coughlan,Absolute Power
Samantha Coughlan,Foster
Samantha Coughlan,Coming Up
Samantha Coughlan,Days That Shook the World
Samantha Coughlan,MI-5
Samantha Coughlan,Pure Pinball
Samantha Coughlan,Archangel
Samantha Coughlan,Dead Man's Gun
Daniel Ibáñez,La edad de la ira
Daniel Ibáñez,The Gypsy Bride
Daniel Ibáñez,The Laws of the Border
Daniel Ibáñez,The Good Boss
Daniel Ibáñez,Los hombres de Paco
Daniel Ibáñez,Amar es para siempre
Daniel Ibáñez,Caminantes
Daniel Ibáñez,The Barrier
Daniel Ibáñez,Caronte
Daniel Ibáñez,Terminator: Dark Fate
Daniel Ibáñez,Los nuestros
Daniel Ibáñez,Arde Madrid
Daniel Ibáñez,Si fueras tú
Daniel Ibáñez,Amar
Mona Martínez,Dancing on Glass
Mona Martínez,La maniobra de la tortuga
Mona Martínez,The Gypsy Bride
Mona Martínez,Valeria
Mona Martínez,Deudas
Mona Martínez,Veneno
Mona Martínez,Antidisturbios
Mona Martínez,Terminator: Dark Fate
Mona Martínez,Out in the Open
Mona Martínez,Adiós
Mona Martínez,Taxi to Treasure Rock
Mona Martínez,Vote for Juan
Mona Martínez,La Guarida
Mona Martínez,The Candidate
Mona Martínez,Paquita Salas
Mona Martínez,Ana by Day
Mona Martínez,Block 24
Mona Martínez,Vis a vis
Mona Martínez,Teresa
Mona Martínez,Anclados
Mona Martínez,Cuéntame
Mona Martínez,Isabel
Mona Martínez,"Hispania, la leyenda"
Mona Martínez,La duquesa II
Mona Martínez,The Duchess
Mona Martínez,Un golpe de suerte
Mona Martínez,Paquirri
Mona Martínez,La chica de ayer
Mona Martínez,El síndrome de Ulises
Mona Martínez,El comisario
Mona Martínez,Hospital Central
Mona Martínez,Camarón: When Flamenco Became Legend
Mona Martínez,Despacito y a compás
Mona Martínez,Javier ya no vive solo
Mona Martínez,South from Granada
Mona Martínez,Periodistas
Mona Martínez,Padre coraje
James Barriscale,Squadron 42
James Barriscale,Ragdoll
James Barriscale,Casualty
James Barriscale,Silent Witness
James Barriscale,Doctors
James Barriscale,Grace
James Barriscale,The Alienist
James Barriscale,Terminator: Dark Fate
James Barriscale,Shakespeare & Hathaway: Private Investigators
James Barriscale,Outlander
James Barriscale,The Hurricane Heist
James Barriscale,Assassin's Creed: Origins
James Barriscale,The Death of Stalin
James Barriscale,Layton's Mystery Journey: Katrielle and the Millionaires' Conspiracy
James Barriscale,The Coroner
James Barriscale,EastEnders
James Barriscale,WPC 56
James Barriscale,Banana
James Barriscale,Assassin's Creed: Unity - Dead Kings
James Barriscale,Assassin's Creed: Unity
James Barriscale,Wizards vs. Aliens
James Barriscale,Valiant Hearts: The Great War
James Barriscale,Assassin's Creed IV: Black Flag
James Barriscale,Holby City
James Barriscale,The Adventures of Tintin: The Secret of the Unicorn
James Barriscale,The Witcher 2: Assassins of Kings
James Barriscale,Killzone 3
James Barriscale,The Last Story
James Barriscale,Fable III
James Barriscale,Tu£sday
James Barriscale,Little Devil
James Barriscale,Diana: Last Days of a Princess
James Barriscale,Pulling
James Barriscale,The Bill
James Barriscale,Murphy's Law
James Barriscale,Cherished
James Barriscale,Like Father Like Son
James Barriscale,MI-5
James Barriscale,The Northern Lights
James Barriscale,England Expects
James Barriscale,Rockface
James Barriscale,Messiah
James Barriscale,The Vice
James Barriscale,Command Approved
James Barriscale,Diamond Lill
James Barriscale,Attachments
James Barriscale,Rough Treatment
James Barriscale,A Touch of Frost
James Barriscale,Big Women
James Barriscale,The Broker's Man
James Barriscale,Dalziel and Pascoe
James Barriscale,The Heart Surgeon
James Barriscale,Kavanagh QC
Jacques A. Nevils,Terminator: Dark Fate
Mariah Nonnemacher,The First Team
Mariah Nonnemacher,Terminator: Dark Fate
Mariah Nonnemacher,Blue Murder
Mariah Nonnemacher,Dark Heart
Mariah Nonnemacher,Swings & Roundabouts
Mariah Nonnemacher,Blind As Love
Mariah Nonnemacher,Cold West
Mariah Nonnemacher,We'll Meet Again
Mariah Nonnemacher,Fan Girl
Mariah Nonnemacher,Beginners' Creative Writing
Mariah Nonnemacher,EQ: A Film About Emotional Intelligence
Lorna Brown,Hard Cell
Lorna Brown,Soulmates
Lorna Brown,Devils
Lorna Brown,Trying
Lorna Brown,Sulphur and White
Lorna Brown,Terminator: Dark Fate
Lorna Brown,Mowgli: Legend of the Jungle
Lorna Brown,Press
Lorna Brown,Hamlet
Lorna Brown,Christmas Presence
Lorna Brown,French and Saunders
Lorna Brown,Stella
Lorna Brown,Ill Behaviour
Lorna Brown,Doctors
Lorna Brown,Chewing Gum
Lorna Brown,Holby City
Lorna Brown,Taking Stock
Lorna Brown,The Lady in the Van
Lorna Brown,National Theatre Live: Medea
Lorna Brown,Les Misérables
Lorna Brown,Gambit
Lorna Brown,Outnumbered
Lorna Brown,The Catherine Tate Show
Lorna Brown,The Bill
Lorna Brown,Little Soldier
Lorna Brown,The Life and Times of Vivienne Vyle
Lorna Brown,Coronation Street
Lorna Brown,Ronni Ancona & Co.
Lorna Brown,ShakespeaRe-Told
Lorna Brown,Family Business
Lorna Brown,Murder Most Horrid
Lorna Brown,Casualty
Lorna Brown,Dangerfield
Lorna Brown,Anna Lee
Peter Schueller,When I Killed the Cat
Shadday López,Terminator: Dark Fate
Peter Schueller,The Survivor
Peter Schueller,The Alienist
Peter Schueller,Treadstone
Peter Schueller,Terminator: Dark Fate
Peter Schueller,Operencia: The Stolen Sun
Peter Schueller,The Freelancer
Peter Schueller,Shepherd: The Story of a Jewish Dog
Peter Schueller,A Rose in Winter
Peter Schueller,The Spy Who Dumped Me
Peter Schueller,Ransom
Peter Schueller,The Terror
Peter Schueller,Colette
Peter Schueller,Emerald City
Peter Schueller,Mudbound
Peter Schueller,Maigret
Peter Schueller,Spectral
Peter Schueller,Inferno
Peter Schueller,X Company
Peter Schueller,The Martian
Shadday López,Lunas de abril
Shadday López,Vulnerables
Shadday López,Promoción 0.12
José Cerós,El último blockbuster
José Cerós,The Countryside
José Cerós,Motor de Pensamientos
José Cerós,Terminator: Dark Fate
José Cerós,Drug Squad: Costa del Sol
José Cerós,Vodevil de Variedades
José Cerós,Silent Witness
José Cerós,Centro médico
José Cerós,Prioritario
José Cerós,La que se avecina
José Cerós,Túnel
José Cerós,El secreto de Puente Viejo
José Cerós,Cuéntame
José Cerós,Los Quién
José Cerós,La locura de Dios
José Cerós,Camera café
José Cerós,Guante blanco
José Cerós,Cuestión de sexo
José Cerós,Días perdidos
José Cerós,Hospital Central
José Cerós,Estamos para apoyarte
Pedro Hernández,Santa Bárbara
Pedro Hernández,The Black Minutes
Pedro Hernández,Drunken Birds
Pedro Hernández,Operación Camarón
Pedro Hernández,The Innocent
Pedro Hernández,La Nueva Normalidad
Pedro Hernández,False Identity
Pedro Hernández,Narcos: Mexico
Pedro Hernández,I Carry You with Me
Pedro Hernández,Terminator: Dark Fate
Pedro Hernández,En el corredor de la muerte
Pedro Hernández,Falco
Pedro Hernández,Tiempo de lluvia
Pedro Hernández,Here on Earth
Pedro Hernández,Betrayal
Pedro Hernández,Esmeralda's Twilight
Pedro Hernández,Sinvivir
Pedro Hernández,Érase una vez
Pedro Hernández,Vuelve Temprano
Pedro Hernández,Bienvenido Hermano
Pedro Hernández,La familia Hernández Cruz
Pedro Hernández,The Load
Pedro Hernández,Aves de paso
Pedro Hernández,El Señor de los Cielos
Pedro Hernández,La banqueta
Pedro Hernández,Morelos
Pedro Hernández,La Teniente
Pedro Hernández,Paramedicos
Pedro Hernández,Estado de Gracia
Pedro Hernández,Botas de cocodrilo
Pedro Hernández,El Sexo Débil
Pedro Hernández,Capadocia
Pedro Hernández,Los Minondo
Pedro Hernández,El Octavo Mandamiento
Pedro Hernández,Las Aparicio
Pedro Hernández,Bellezas indomables
Pedro Hernández,Corazón Partido
Karen Gagnon,Halo
Karen Gagnon,Outside the Wire
Karen Gagnon,Terminator: Dark Fate
Karen Gagnon,Treadstone
Karen Gagnon,Operencia: The Stolen Sun
Karen Gagnon,Hanna
Karen Gagnon,The Freelancer
Karen Gagnon,Shepherd: The Story of a Jewish Dog
Karen Gagnon,Homeland
Karen Gagnon,Red Sparrow
Karen Gagnon,Colette
Karen Gagnon,Jessie's Theory
Karen Gagnon,Year Million
Karen Gagnon,X Company
Karen Gagnon,Emerald City
Karen Gagnon,Maigret
Karen Gagnon,Mars
Karen Gagnon,Guilt
Karen Gagnon,The Martian
Karen Gagnon,Tyrant
Karen Gagnon,Grace Stirs Up Success
Karen Gagnon,Zombie Holocaust & You!
Neil Corbould,Terminator: Dark Fate
Neil Corbould,Hercules: The Bessi Battle
Stuart McQuarrie,The Rig
Kevin Medina,HIT
Kevin Medina,Nasdrovia
Kevin Medina,Mercado Central
Kevin Medina,Terminator: Dark Fate
Kevin Medina,Hospital Valle Norte
Kevin Medina,Velvet Colección
Kevin Medina,Serve and Protect
Stuart McQuarrie,White Bird: A Wonder Story
Stuart McQuarrie,Foundation
Stuart McQuarrie,Des
Stuart McQuarrie,The Singapore Grip
Stuart McQuarrie,The Nest
Stuart McQuarrie,Elizabeth Is Missing
Stuart McQuarrie,The Crown
Stuart McQuarrie,Terminator: Dark Fate
Stuart McQuarrie,Angel Has Fallen
Stuart McQuarrie,Outlander
Stuart McQuarrie,White Dragon
Stuart McQuarrie,Ordeal by Innocence
Stuart McQuarrie,The Hurricane Heist
Stuart McQuarrie,Casualty
Stuart McQuarrie,My Country
Stuart McQuarrie,Harlots
Stuart McQuarrie,Prime Suspect: Tennison
Stuart McQuarrie,Daphne
Stuart McQuarrie,The Hollow Crown
Stuart McQuarrie,Billionaire Ransom
Stuart McQuarrie,Dickensian
Stuart McQuarrie,We're Doomed! The Dad's Army Story
Stuart McQuarrie,Coach
Stuart McQuarrie,Babylon
Stuart McQuarrie,Mr. Turner
Stuart McQuarrie,Closer to the Moon
Stuart McQuarrie,Blood
Stuart McQuarrie,Blackout
Stuart McQuarrie,Lip Service
Stuart McQuarrie,Hustle
Stuart McQuarrie,Any Human Heart
Stuart McQuarrie,Burke and Hare
Stuart McQuarrie,Isle of Dogs
Stuart McQuarrie,Another Year
Stuart McQuarrie,Silent Witness
Stuart McQuarrie,The Bill
Stuart McQuarrie,Three Moments in Heaven
Stuart McQuarrie,Franklyn
Stuart McQuarrie,Hush
Stuart McQuarrie,Age of Conan: Hyborian Adventures
Stuart McQuarrie,Extras
Stuart McQuarrie,The Whistleblowers
Stuart McQuarrie,Nobody's Perfect
Stuart McQuarrie,Taggart
Stuart McQuarrie,Peep Show
Stuart McQuarrie,Life Begins
Stuart McQuarrie,Rebus
Stuart McQuarrie,The Ghost Squad
Stuart McQuarrie,A Very Social Secretary
Steven Cree,Selkie
Steven Cree,The Twin
Steven Cree,A Discovery of Witches
Steven Cree,Forza Horizon 5
Steven Cree,Martyrs Lane
Steven Cree,Bravely Default II
Steven Cree,Cobra
Steven Cree,Terminator: Dark Fate
Steven Cree,Deep Water
Steven Cree,MotherFatherSon
Steven Cree,Outlander
Steven Cree,The Little Princess
Stuart McQuarrie,The Golden Hour
Stuart McQuarrie,"Marian, Again"
Stuart McQuarrie,Nathan Barley
Stuart McQuarrie,The Deal
Stuart McQuarrie,Young Adam
Stuart McQuarrie,28 Days Later...
Stuart McQuarrie,The Honeytrap
Stuart McQuarrie,The Way We Live Now
Stuart McQuarrie,Trial by Fire
Stuart McQuarrie,Four Fathers
Stuart McQuarrie,Butterfly Collectors
Stuart McQuarrie,The Echo
Stuart McQuarrie,Invasion Earth
Stuart McQuarrie,The Life of Stuff
Stuart McQuarrie,Bugs
Stuart McQuarrie,Staying Alive
Stuart McQuarrie,Love Me Tender
Stuart McQuarrie,Trainspotting
Stuart McQuarrie,The Boss
Stuart McQuarrie,Hamish Macbeth
Stuart McQuarrie,Doctor Finlay
Stuart McQuarrie,The High Life
Stuart McQuarrie,London's Burning
Stuart McQuarrie,"I, Lovett"
Stuart McQuarrie,Rab C. Nesbitt
Stuart McQuarrie,City Lights
Stuart McQuarrie,The Continental
Steven Cree,Forza Horizon 4
Steven Cree,Outlaw King
Steven Cree,2036 Origin Unknown
Steven Cree,The Titan
Steven Cree,National Treasure: Kiri
Steven Cree,The Escape
Steven Cree,Churchill
Steven Cree,Battlefield 1
Steven Cree,Brotherhood
Steven Cree,Silent Witness
Steven Cree,The Rat King
Steven Cree,Hoff the Record
Steven Cree,51 Degrees North
Steven Cree,Legacy
Steven Cree,Swung
Steven Cree,The Musketeers
Steven Cree,Atlantis
Steven Cree,Marvellous
Steven Cree,Maleficent
Steven Cree,Shetland
Steven Cree,300: Rise of an Empire
Steven Cree,Fish Love
Steven Cree,Ryse: Son of Rome
Steven Cree,The Beautiful Spy
Steven Cree,Macbeth
Steven Cree,Having You
Steven Cree,The Knot
Steven Cree,Tower Block
Steven Cree,Brave
Steven Cree,Vera
Steven Cree,Lip Service
Steven Cree,John Carter
Steven Cree,The Swarm
Steven Cree,The Awakening
Steven Cree,Rojin
Steven Cree,The Gardener of God
Steven Cree,Misfits
Steven Cree,Huge
Steven Cree,4.3.2.1.
Steven Cree,Identity
Steven Cree,Closing Doors
Steven Cree,"Vivaldi, the Red Priest"
Steven Cree,Doctors
Steven Cree,Dream Team
Steven Cree,Holby City
Steven Cree,Bad Girls
Steven Cree,G Force
Matt Devere,At 10 Weeks
Matt Devere,Silent Zone
Matt Devere,Halo
Matt Devere,The Selection
Matt Devere,The Teacher
Matt Devere,SAS: Red Notice
Matt Devere,The Witcher
Matt Devere,Neither with You
Matt Devere,Terminator: Dark Fate
Matt Devere,The Song of Names
Matt Devere,Robin Hood
Matt Devere,"Ruben Brandt, Collector"
Matt Devere,Strike Back
Matt Devere,Lords of Chaos
Matt Devere,Tóth János
Matt Devere,Papillon
Matt Devere,The Man with the Iron Heart
Matt Devere,Csak színház és más semmi
Matt Devere,Emerald City
Matt Devere,X Company
Matt Devere,Maigret
Matt Devere,Fallen
Matt Devere,The Last Kingdom
Matt Devere,The Martian
Matt Devere,Galloping Mind
Matt Devere,Extinction
Matt Devere,Dough
Matt Devere,Spy
Matt Devere,Hercules
Matt Devere,Rush
Matt Devere,In Secret
Matt Devere,The Borgias
Matt Devere,Meldrum House
Matt Devere,World Without End
Matt Devere,Titanic
Matt Devere,The Raven
Matt Devere,Monte Carlo
Matt Devere,Season of the Witch
Matt Devere,The Story of F***
Matt Devere,The Pillars of the Earth
Matt Devere,Going Postal
Matt Devere,Szinglik éjszakája
Matt Devere,Robin Hood
Matt Devere,Kröd Mändoon and the Flaming Sword of Fire
Matt Devere,The Café
Matt Devere,Good
Matt Devere,Light and Darkness: The Rogue
Matt Devere,Painkiller Jane
Matt Devere,A Cafe in the Sky
Matt Devere,Eragon
Matt Devere,8MM 2
Matt Devere,Unhitched
Matt Devere,Sniper 2
Matt Devere,Max
Alicia Borrachero,The Man from Rome
Alicia Borrachero,Ego
Alicia Borrachero,The Devil's Clock
Alicia Borrachero,The Spanish Princess
Alicia Borrachero,Three Days of Christmas
Alicia Borrachero,Terminator: Dark Fate
Alicia Borrachero,Morocco: Love in Times of War
Alicia Borrachero,The Promise
Alicia Borrachero,La embajada
Alicia Borrachero,Bajo sospecha
Alicia Borrachero,Los misterios de Laura
Alicia Borrachero,Isabel
Alicia Borrachero,Stolen Children
Alicia Borrachero,Willkommen im Club
Alicia Borrachero,El don de Alba
Alicia Borrachero,La conspiración
Alicia Borrachero,Hospital Central
Alicia Borrachero,Crematorium
Alicia Borrachero,Vidas pequeñas
Alicia Borrachero,"De repente, los Gómez"
Alicia Borrachero,The Chronicles of Narnia: Prince Caspian
Alicia Borrachero,Love in the Time of Cholera
Alicia Borrachero,Dentro del paraíso
Alicia Borrachero,Motivos personales
Alicia Borrachero,Las hijas de Mohamed
Alicia Borrachero,Un lugar en el mundo
Alicia Borrachero,Periodistas
Alicia Borrachero,Don Quixote
Alicia Borrachero,7 vidas
Alicia Borrachero,Things I Forgot to Remember
Alicia Borrachero,Éste es mi barrio
Alicia Borrachero,La fabulosa historia de Diego Marín
Alicia Borrachero,Náufragos
Alicia Borrachero,Médico de familia
Alicia Borrachero,Death in Granada
Alicia Borrachero,Killer Tongue
Alicia Borrachero,Hermanos de leche
Alicia Borrachero,Sangre ciega
Alicia Borrachero,Farmacia de guardia
Alicia Borrachero,Tres palabras
Alicia Borrachero,All in the Game
Alicia Borrachero,Ochenta y siete cartas de amor
Alicia Borrachero,Kinsey
Alicia Borrachero,Shooting Elizabeth
Manuel Pacific,Terminator: Dark Fate
Manuel Pacific,London Kills
Manuel Pacific,Flack
Manuel Pacific,High Strung Free Dance
Manuel Pacific,Find Me in Paris
Manuel Pacific,Millie Inbetween
Manuel Pacific,Ride
Diego Martínez,La Unidad
Diego Martínez,Terminator: Dark Fate
Diego Martínez,La caza. Monteperdido
Diego Martínez,Despite Everything
Diego Martínez,Serve and Protect
Diego Martínez,Foam Party!
Diego Martínez,El final del camino
Diego Martínez,Temporada baja
Diego Martínez,Centro médico
Diego Martínez,Down There
Diego Martínez,Rabia
Diego Martínez,Amar es para siempre
Diego Martínez,Operasiones espesiales
Diego Martínez,El clavo de oro
Enrique Arce,Murder Mystery 2
Enrique Arce,On the Line
Enrique Arce,Signora Volpe
Enrique Arce,Small World
Enrique Arce,The King of all the World
Enrique Arce,Toy Boy
Enrique Arce,Small World
Enrique Arce,Money Heist
Enrique Arce,Rifkin's Festival
Enrique Arce,Inés of My Soul
Enrique Arce,Instant Love
Enrique Arce,Terminator: Dark Fate
Enrique Arce,The Appointment
Enrique Arce,Women of Mafia 2
Enrique Arce,Heaven of Hell
Enrique Arce,Tango One
Enrique Arce,Knightfall
Enrique Arce,Bad Investigate
Enrique Arce,"Perdóname, Señor"
Enrique Arce,100MG: Tempest
Enrique Arce,Maniac Tales
Enrique Arce,La chaqueta del botones
Enrique Arce,Family Games
Enrique Arce,Bakery in Brooklyn
Enrique Arce,Virtuoso
Enrique Arce,Solace
Enrique Arce,Hermanos
Enrique Arce,Dioses y perros
Enrique Arce,A Long Way Down
Enrique Arce,Los misterios de Laura
Enrique Arce,The Time in Between
Enrique Arce,"Mario Conde, los días de gloria"
Enrique Arce,Amar es para siempre
Enrique Arce,El aprovechamiento industrial de los cadáveres
Enrique Arce,Senyor Retor
Enrique Arce,Physics or Chemistry
Enrique Arce,Tarancón. El quinto mandamiento
Enrique Arce,9 meses
Enrique Arce,King Conqueror
Enrique Arce,La hora de José Mota
Enrique Arce,Sin tetas no hay paraíso
Enrique Arce,The Art of Stealing
Enrique Arce,Singles
Enrique Arce,A Matador's Mistress
Enrique Arce,Che: Part Two
Enrique Arce,Cuestión de sexo
Enrique Arce,R.I.S. Científica
Enrique Arce,"Génesis, en la mente del asesino"
Enrique Arce,Matando al gato
Enrique Arce,Cuéntame
Enrique Arce,Tirando a dar
Enrique Arce,Cuco Gomez-Gomez Is Dead!
Enrique Arce,Schubert
Enrique Arce,¿Y si hacemos un trío?
Enrique Arce,Gris
Enrique Arce,Beyond Re-Animator
Enrique Arce,Compañeros
Enrique Arce,Fidel
Enrique Arce,Cachito mío
Enrique Arce,Periodistas
Enrique Arce,One of the Hollywood Ten
Enrique Arce,Less Is More
Enrique Arce,"Policías, en el corazón de la calle"
Enrique Arce,Heart of the Warrior
Enrique Arce,Petra Delicado
Enrique Arce,Al salir de clase
Enrique Arce,La Lógica del Juego
Pedro Rudolphi,Los hombres de Paco
Pedro Rudolphi,The Mess You Leave Behind
Pedro Rudolphi,El verano que vivimos
Pedro Rudolphi,Warrior Nun
Pedro Rudolphi,Madres. Amor y vida
Pedro Rudolphi,Otros mundos Movistar+
Pedro Rudolphi,The Barrier
Pedro Rudolphi,Terminator: Dark Fate
Pedro Rudolphi,Breaking the Band
Pedro Rudolphi,The Kill Team
Pedro Rudolphi,Vis a vis
Pedro Rudolphi,Pasarea
Pedro Rudolphi,Centro médico
Pedro Rudolphi,Heroes Wanted: The Series
Pedro Rudolphi,El Hoyo
Pedro Rudolphi,Acacias 38
Pedro Rudolphi,Traición
Pedro Rudolphi,Despido procedente
Pedro Rudolphi,Cuando el cielo brille
Pedro Rudolphi,Familia
Pedro Rudolphi,The Royals
Pedro Rudolphi,Alan Carr's New Year Specstacular
Pedro Rudolphi,Receiver
Pedro Rudolphi,Olive Green
Pedro Rudolphi,Loud Silence
Tom Hopper,Climber
Tom Hopper,Love in the Villa
Tom Hopper,The Umbrella Academy
Tom Hopper,Resident Evil: Welcome to Raccoon City
Tom Hopper,Hitman's Wife's Bodyguard
Tom Hopper,SAS: Red Notice
Tom Hopper,Robot Chicken
Tom Hopper,Terminator: Dark Fate
Tom Hopper,I Feel Pretty
Tom Hopper,Game of Thrones
Tom Hopper,Chaz and Ralfie: The Phone
Tom Hopper,Black Sails
Tom Hopper,Kill Ratio
Tom Hopper,Barbarians Rising
Tom Hopper,Northmen - A Viking Saga
Tom Hopper,Knights of Badassdom
Tom Hopper,Leopard
Tom Hopper,"I Think, Therefore"
Tom Hopper,Merlin
Tom Hopper,Good Cop
Tom Hopper,Doctor Who
Tom Hopper,Tormented
Tom Hopper,Doctors
Tom Hopper,Kingdom
Tom Hopper,Saxon
Tom Hopper,Casualty
Ferran Fernández,Forum Porcos
Ferran Fernández,Terminator: Dark Fate
Fraser James,Boxing Day
Fraser James,Endeavour
Fraser James,Terminator: Dark Fate
Fraser James,Hero - Inspired by the Extraordinary Life & Times of Mr. Ulric Cross
Fraser James,Origin
Fraser James,Neon
Fraser James,Yardie
Fraser James,Holby City
Fraser James,The Loch
Fraser James,Wolfblood
Fraser James,Death in Paradise
Fraser James,Resident Evil: The Final Chapter
Fraser James,24: Live Another Day
Fraser James,The Crimson Field
Fraser James,Law & Order: UK
Fraser James,Don't Miss the Cup
Fraser James,M.I.High
Fraser James,Strike Back
Fraser James,Doctors
Fraser James,Graceless
Fraser James,Outnumbered
Fraser James,Robin Hood
Fraser James,Frankenstein
Fraser James,Beyond the Ocean
Fraser James,Love Lies Bleeding
Fraser James,Judge John Deed
Fraser James,Sometimes in April
Fraser James,The Purifiers
Fraser James,Judge Dredd: Dredd vs Death
Fraser James,Babyfather
Fraser James,The Armando Iannucci Shows
Fraser James,Office Gossip
Fraser James,Second Sight: Parasomnia
Fraser James,Wing Commander
Fraser James,Red Dwarf
Fraser James,In Exile
Fraser James,The Broker's Man
Fraser James,Lloyds Bank Channel 4 Film Challenge
Fraser James,Life After Birth
Fraser James,The Imaginatively Titled Punt & Dennis Show
Fraser James,The Affair
Fraser James,The Bill
Fraser James,Faith
Fraser James,Shopping
Fraser James,The Healer
Fraser James,Casualty
Fraser James,The Hawk
Fraser James,Bhaji on the Beach
Fraser James,Frank Stubbs
Fraser James,Comedy Playhouse
Fraser James,Prime Suspect 2
Fraser James,Screen One
Fraser James,Drop the Dead Donkey
Tomás Álvarez,Tormenta
Tomás Álvarez,Terminator: Dark Fate
Tomás Álvarez,Femme Mortale
Tomás Álvarez,Paradas
Tomás Álvarez,En tiempo de otros
Tomás Álvarez,En la misma cama
Tomás Álvarez,18
Tomás Álvarez,Trío de ases: el secreto de la Atlántida
Tomás Álvarez,Rated R
Tomás Álvarez,Hospital Central
Tomás Álvarez,MIR
Tomás Álvarez,Aquí no hay quien viva
Tomás Álvarez,20 Centimeters
Tomás Álvarez,Frágil
Tomás Álvarez,Ratas
Tomás Álvarez,Un paso adelante
Tomás Álvarez,Seawards Journey
Tomás Álvarez,Eduardo Peláez
Tomás Álvarez,Manos
Tomás Álvarez,No Shame
Tomás Álvarez,El comisario
Tomás Álvarez,Manos a la obra
Tomás Álvarez,"De tripas, corazón"
Tomás Álvarez,Los viajes escolares
Natalia Reyes,Tomorrow Before After
Natalia Reyes,Submersible
Natalia Reyes,Terminator: Dark Fate
Natalia Reyes,Running with the Devil
Natalia Reyes,Nuestros muertos
Natalia Reyes,Sticks and Stones
Natalia Reyes,Birds of Passage
Natalia Reyes,Pickpockets
Natalia Reyes,2091
Natalia Reyes,La Ley del Corazón
Natalia Reyes,Chess
Natalia Reyes,"Lady, La Vendedora de Rosas"
Natalia Reyes,Cumbia Ninja
Natalia Reyes,Queda la Tarde
Natalia Reyes,Anthropos
Natalia Reyes,Dulce Amor
Natalia Reyes,Banished
Natalia Reyes,A Mano Limpia
Natalia Reyes,El elefante rojo
Natalia Reyes,Pandillas guerra y paz
Natalia Reyes,Bermúdez
Natalia Reyes,Muñoz vale por 2
Natalia Reyes,Isa TKM
Natalia Reyes,"Las profesionales, a su servicio"
Gabriel Luna,The Last of Us
Gabriel Luna,Eddie & Sunny
Gabriel Luna,Terminator: Dark Fate
Gabriel Luna,Dark/Web
Gabriel Luna,Hala
Gabriel Luna,Patti and Marina
Gabriel Luna,Agents of S.H.I.E.L.D.
Gabriel Luna,Rosewood
Gabriel Luna,Harley and the Davidsons
Gabriel Luna,Swell
Gabriel Luna,Transpecos
Gabriel Luna,Wicked City
Gabriel Luna,Gravy
Gabriel Luna,Freeheld
Gabriel Luna,True Detective
Gabriel Luna,Matador
Gabriel Luna,Balls Out
Gabriel Luna,NCIS: Los Angeles
Gabriel Luna,Touch
Gabriel Luna,Spring Eddy
Gabriel Luna,Bernie
Gabriel Luna,Dance with the One
Gabriel Luna,Temple Grandin
Gabriel Luna,Prison Break
Gabriel Luna,Fall to Grace
Tristán Ulloa,Stoyan
Tristán Ulloa,Journey to Somewhere
Tristán Ulloa,Jaguar
Tristán Ulloa,La caza. Monteperdido
Tristán Ulloa,Warrior Nun
Tristán Ulloa,Terminator: Dark Fate
Tristán Ulloa,Snatch
Tristán Ulloa,Cathedral of the Sea
Tristán Ulloa,Cocaine Coast
Tristán Ulloa,Narcos
Tristán Ulloa,Crash Test Aglaé
Tristán Ulloa,La embajada
Tristán Ulloa,Finding Altamira
Tristán Ulloa,Los nuestros
Tristán Ulloa,The Last Hammer Blow
Tristán Ulloa,The Time in Between
Tristán Ulloa,People in Places
Tristán Ulloa,Gran Reserva
Tristán Ulloa,Astérix and Obélix: God Save Britannia
Tristán Ulloa,La recolectora
Tristán Ulloa,To Hell with the Ugly
Tristán Ulloa,A Distant Place
Tristán Ulloa,After
Tristán Ulloa,A Good Man
Tristán Ulloa,The Frost
Tristán Ulloa,Muchachada nui
Tristán Ulloa,Otra ciudad
Tristán Ulloa,Mataharis
Tristán Ulloa,El espejo
Tristán Ulloa,The Man Who Came to a Village
Tristán Ulloa,Salvador
Tristán Ulloa,El castigo
Tristán Ulloa,Maroa
Tristán Ulloa,Diario de un skin
Tristán Ulloa,The 4 Musketeers
Tristán Ulloa,Tú la llevas
Tristán Ulloa,El juego de la verdad
Tristán Ulloa,Beats
Tristán Ulloa,Las voces de la noche
Tristán Ulloa,El lápiz del carpintero
Tristán Ulloa,Volverás
Tristán Ulloa,You Shouldn't Be Here
Tristán Ulloa,Todo menos la chica
Tristán Ulloa,Sex and Lucía
Tristán Ulloa,Don't Cry Germaine
Tristán Ulloa,Km. 0 - Kilometer Zero
Tristán Ulloa,El comisario
Tristán Ulloa,Las cabras de Freud
Tristán Ulloa,Marta and Surroundings
Tristán Ulloa,The Nameless
Tristán Ulloa,Rewind
Tristán Ulloa,La vida en el aire
Tristán Ulloa,Mensaka
Tristán Ulloa,Más que amigos
Tristán Ulloa,Open Your Eyes
Tristán Ulloa,Memorias del ángel caído
Tristán Ulloa,Canguros
Mackenzie Davis,Alpha Gang
Mackenzie Davis,Station Eleven
Mackenzie Davis,Happiest Season
Mackenzie Davis,Home Movie: The Princess Bride
Mackenzie Davis,Irresistible
Mackenzie Davis,The Turning
Mackenzie Davis,Terminator: Dark Fate
Mackenzie Davis,Gears 5
Mackenzie Davis,Boomerang
Mackenzie Davis,Tully
Mackenzie Davis,No Activity
Mackenzie Davis,Halt and Catch Fire
Mackenzie Davis,Blade Runner 2049
Mackenzie Davis,Izzy Gets the Fuck Across Town
Mackenzie Davis,Black Mirror
Mackenzie Davis,Memory Box
Mackenzie Davis,Always Shine
Mackenzie Davis,Freaks of Nature
Mackenzie Davis,The Martian
Mackenzie Davis,A Country Called Home
Mackenzie Davis,That Awkward Moment
Mackenzie Davis,Moontown
Mackenzie Davis,Plato's Reality Machine
Mackenzie Davis,Bad Turn Worse
Mackenzie Davis,What If
Mackenzie Davis,Breathe In
Mackenzie Davis,The Hat Goes Wild
Mackenzie Davis,I Just Want My Pants Back
Mackenzie Davis,Smashed
Mackenzie Davis,Alex
Diego Boneta,At Midnight
Diego Boneta,Father of the Bride
Diego Boneta,Starbright
Diego Boneta,Luis Miguel: The Series
Diego Boneta,Die in a Gunfight
Diego Boneta,"Love, Weddings & Other Disasters"
Diego Boneta,New Order
Diego Boneta,Monster Hunter
Diego Boneta,Revenge Ride
Diego Boneta,Terminator: Dark Fate
Diego Boneta,París: Hello Shoes
Diego Boneta,París: Animal
Diego Boneta,Monster Party
Diego Boneta,The Reason Nobody Likes You
Diego Boneta,The Titan
Diego Boneta,Blood Ride
Diego Boneta,Another You
Diego Boneta,The Reason You Haven't Had Sex in So Long
Diego Boneta,Before I Fall
Diego Boneta,Eramos algo
Diego Boneta,Pele: Birth of a Legend
Diego Boneta,Ur Love
Diego Boneta,Jane the Virgin
Diego Boneta,Diego Boneta: The Hurt
Diego Boneta,Scream Queens
Diego Boneta,Summer Camp
Diego Boneta,The Dovekeepers
Diego Boneta,Eden
Diego Boneta,City of Dead Men
Diego Boneta,Underemployed
Diego Boneta,Rock of Ages
Diego Boneta,90210
Diego Boneta,Mean Girls 2
Diego Boneta,Pretty Little Liars
Diego Boneta,Zeke and Luther
Diego Boneta,Miranda Cosgrove: About You Now
Diego Boneta,Rebelde
Diego Boneta,Misión S.O.S. aventura y amor
Diego Boneta,Alegrijes y rebujos
Arnold Schwarzenegger,Outrider
Arnold Schwarzenegger,The Legend of Conan
Arnold Schwarzenegger,Triplets
Arnold Schwarzenegger,Utap
Arnold Schwarzenegger,Kung Fury 2
Arnold Schwarzenegger,Superhero Kindergarten
Arnold Schwarzenegger,Predator: Hunting Grounds
Arnold Schwarzenegger,Terminator: Dark Fate
Arnold Schwarzenegger,Iron Mask
Arnold Schwarzenegger,Andreas Gabalier Feat. Arnold Schwarzenegger: Pump It Up (The Motivation Song)
Arnold Schwarzenegger,Chad Goes Deep
Arnold Schwarzenegger,Killing Gunther
Arnold Schwarzenegger,Aftermath
Arnold Schwarzenegger,WWE 2K16 - Arnold Schwarzenegger Terminator Commercial
Arnold Schwarzenegger,Terminator Genisys: The YouTube Chronicles
Arnold Schwarzenegger,Epic Rap Battles of History
Arnold Schwarzenegger,Terminator Genisys
Arnold Schwarzenegger,Maggie
Arnold Schwarzenegger,Two and a Half Men
Arnold Schwarzenegger,Sabotage: Alternate Endings:
Arnold Schwarzenegger,Sabotage: Deleted Scenes
Arnold Schwarzenegger,The Expendables 3
Arnold Schwarzenegger,Family Guy: The Quest for Stuff
Arnold Schwarzenegger,Sabotage
Arnold Schwarzenegger,Bud Light: Ian Up for Whatever
Arnold Schwarzenegger,Escape Plan
Arnold Schwarzenegger,The Last Stand
Arnold Schwarzenegger,The Expendables 2
Arnold Schwarzenegger,The Expendables
Arnold Schwarzenegger,The Kid & I
Arnold Schwarzenegger,Around the World in 80 Days
Arnold Schwarzenegger,Terminator 3: Rise of the Machines
Arnold Schwarzenegger,The Rundown
Arnold Schwarzenegger,Terminator 3: Rise of the Machines
Arnold Schwarzenegger,Liberty's Kids: Est. 1776
Arnold Schwarzenegger,Collateral Damage
Arnold Schwarzenegger,The Terminator: 'Terminated' Deleted Scenes
Arnold Schwarzenegger,The 6th Day
Arnold Schwarzenegger,Bon Jovi: Say It Isn't So
Arnold Schwarzenegger,End of Days
Arnold Schwarzenegger,Batman & Robin
Arnold Schwarzenegger,Jingle All the Way
Arnold Schwarzenegger,Eraser
Arnold Schwarzenegger,T2 3-D: Battle Across Time
Arnold Schwarzenegger,Junior
Arnold Schwarzenegger,True Lies
Arnold Schwarzenegger,Terminator 2: Judgment Day - Deleted Scenes
Arnold Schwarzenegger,Beretta's Island
Arnold Schwarzenegger,Last Action Hero
Arnold Schwarzenegger,AC/DC: Big Gun
Arnold Schwarzenegger,Dave
Arnold Schwarzenegger,Lincoln
Arnold Schwarzenegger,Christmas in Connecticut
Arnold Schwarzenegger,Nissin Cup Noodle: Arnold Schwarzenegger
Arnold Schwarzenegger,Terminator 2: Judgment Day
Arnold Schwarzenegger,Guns N' Roses: You Could Be Mine
Arnold Schwarzenegger,Terminator 2: Judgment Day
Arnold Schwarzenegger,Nissin Cup Noodle: Arnold Schwarzenegger 'Noodle Man'
Arnold Schwarzenegger,Kindergarten Cop
Arnold Schwarzenegger,Total Recall
Arnold Schwarzenegger,Tales from the Crypt
Arnold Schwarzenegger,Twins
Arnold Schwarzenegger,Red Heat
Arnold Schwarzenegger,Predator
Arnold Schwarzenegger,The Running Man
Arnold Schwarzenegger,Raw Deal
Arnold Schwarzenegger,Stop the Madness
Arnold Schwarzenegger,Commando
Arnold Schwarzenegger,Red Sonja
Arnold Schwarzenegger,The Terminator
Arnold Schwarzenegger,Conan the Destroyer
Arnold Schwarzenegger,Girlschool: Don't Call It Love
Arnold Schwarzenegger,Conan the Barbarian
Arnold Schwarzenegger,The Jayne Mansfield Story
Arnold Schwarzenegger,Scavenger Hunt
Arnold Schwarzenegger,The Villain
Arnold Schwarzenegger,The San Pedro Beach Bums
Arnold Schwarzenegger,The Streets of San Francisco
Arnold Schwarzenegger,Stay Hungry
Arnold Schwarzenegger,Happy Anniversary and Goodbye
Arnold Schwarzenegger,The Long Goodbye
Arnold Schwarzenegger,Hercules in New York
Georgia Simon,Lilly's Light: The Movie
Georgia Simon,Terminator: Dark Fate
Georgia Simon,Junkyard Dog
Georgia Simon,Call of Duty 3
Georgia Simon,The Table
Georgia Simon,Marilyn Hotchkiss' Ballroom Dancing & Charm School
Georgia Simon,Liv
Georgia Simon,Reunion
Georgia Simon,Mafia!
Georgia Simon,Ballistic
